trait	predictor	n_gwas
3006923	felix	119291
3006923	meta	104380
3006923	matched_EUR	61380
3006923	matched_AFR	19674
3006923	matched_EAS	2038
3006923	matched_CSA	1226
3007070	felix	99303
3007070	meta	86491
3007070	matched_EUR	53470
3007070	matched_AFR	17124
3007070	matched_EAS	1799
3007070	matched_CSA	1131
3009744	felix	138065
3009744	meta	121427
3009744	matched_EUR	70931
3009744	matched_AFR	23893
3009744	matched_EAS	2384
3009744	matched_CSA	1409
3013721	felix	130016
3013721	meta	114215
3013721	matched_EUR	67636
3013721	matched_AFR	22276
3013721	matched_EAS	2178
3013721	matched_CSA	1299
3022192	felix	100044
3022192	meta	87147
3022192	matched_EUR	54211
3022192	matched_AFR	16680
3022192	matched_EAS	1806
3022192	matched_CSA	1146
3024929	felix	132023
3024929	meta	116121
3024929	matched_EUR	68502
3024929	matched_AFR	23162
3024929	matched_EAS	2166
3024929	matched_CSA	1315
3027114	felix	102650
3027114	meta	89589
3027114	matched_EUR	55481
3027114	matched_AFR	17663
3027114	matched_EAS	1823
3027114	matched_CSA	1149
3028288	felix	75776
3028288	meta	65244
3028288	matched_EUR	40699
3028288	matched_AFR	12558
3028288	matched_EAS	1328
3028288	matched_CSA	878
3035995	felix	131678
3035995	meta	115864
3035995	matched_EUR	68864
3035995	matched_AFR	22507
3035995	matched_EAS	2150
3035995	matched_CSA	1280
BMI	felix	234245
BMI	meta	208997
BMI	matched_EUR	111482
BMI	matched_AFR	49885
BMI	matched_EAS	5228
BMI	matched_CSA	2892
height	felix	234862
height	meta	209532
height	matched_EUR	111755
height	matched_AFR	49984
height	matched_EAS	5245
height	matched_CSA	2897
